,reward_id,rewards,remains,current_id
0,0,0,5100,0
1,1,0,5200,
2,2,200,5100,
3,3,500,4700,
4,4,0,4800,
5,5,200,4700,
6,6,0,4800,
7,7,0,4900,
8,8,300,4700,
9,9,200,4600,
10,10,0,4700,
11,11,300,4500,
12,12,0,4600,
13,13,0,4700,
14,14,0,4800,
15,15,0,4900,
16,16,200,4800,
17,17,0,4900,
18,18,0,5000,
19,19,0,5100,
20,20,200,5000,
21,21,0,5100,
22,22,0,5200,
23,23,200,5100,
24,24,0,5200,
25,25,300,5000,
26,26,200,4900,
27,27,200,4800,
28,28,200,4700,
29,29,0,4800,
30,30,0,4900,
31,31,0,5000,
32,32,200,4900,
33,33,0,5000,
34,34,0,5100,
35,35,200,5000,
36,36,200,4900,
37,37,0,5000,
38,38,0,5100,
39,39,1000,4200,
40,40,200,4100,
41,41,200,4000,
42,42,0,4100,
43,43,200,4000,
44,44,0,4100,
45,45,0,4200,
46,46,200,4100,
47,47,0,4200,
48,48,0,4300,
49,49,0,4400,
50,50,0,4500,
51,51,0,4600,
52,52,0,4700,
53,53,200,4600,
54,54,0,4700,
55,55,200,4600,
56,56,0,4700,
57,57,0,4800,
58,58,0,4900,
59,59,200,4800,
60,60,200,4700,
61,61,200,4600,
62,62,0,4700,
63,63,0,4800,
64,64,200,4700,
65,65,0,4800,
66,66,200,4700,
67,67,0,4800,
68,68,200,4700,
69,69,300,4500,
70,70,0,4600,
71,71,200,4500,
72,72,0,4600,
73,73,0,4700,
74,74,200,4600,
75,75,0,4700,
76,76,200,4600,
77,77,200,4500,
78,78,0,4600,
79,79,0,4700,
80,80,0,4800,
81,81,200,4700,
82,82,500,4300,
83,83,0,4400,
84,84,300,4200,
85,85,200,4100,
86,86,0,4200,
87,87,200,4100,
88,88,0,4200,
89,89,200,4100,
90,90,0,4200,
91,91,0,4300,
92,92,0,4400,
93,93,200,4300,
94,94,0,4400,
95,95,200,4300,
96,96,200,4200,
97,97,200,4100,
98,98,200,4000,
99,99,0,4100,
100,100,200,4000,
101,101,0,4100,
102,102,0,4200,
103,103,0,4300,
104,104,200,4200,
105,105,0,4300,
106,106,0,4400,
107,107,300,4200,
108,108,200,4100,
109,109,200,4000,
110,110,0,4100,
111,111,0,4200,
112,112,200,4100,
113,113,0,4200,
114,114,0,4300,
115,115,200,4200,
116,116,200,4100,
117,117,0,4200,
118,118,0,4300,
119,119,300,4100,
120,120,0,4200,
121,121,0,4300,
122,122,200,4200,
123,123,0,4300,
124,124,0,4400,
125,125,200,4300,
126,126,200,4200,
127,127,0,4300,
128,128,0,4400,
129,129,0,4500,
130,130,500,4100,
131,131,0,4200,
132,132,300,4000,
133,133,0,4100,
134,134,200,4000,
135,135,0,4100,
136,136,0,4200,
137,137,0,4300,
138,138,0,4400,
139,139,200,4300,
140,140,0,4400,
141,141,0,4500,
142,142,0,4600,
143,143,200,4500,
144,144,0,4600,
145,145,200,4500,
146,146,0,4600,
147,147,0,4700,
148,148,0,4800,
149,149,0,4900,
150,150,200,4800,
151,151,0,4900,
152,152,0,5000,
153,153,0,5100,
154,154,200,5000,
155,155,0,5100,
156,156,0,5200,
157,157,0,5300,
158,158,0,5400,
159,159,0,5500,
160,160,0,5600,
161,161,0,5700,
162,162,300,5500,
163,163,0,5600,
164,164,200,5500,
165,165,0,5600,
166,166,0,5700,
167,167,0,5800,
168,168,0,5900,
169,169,0,6000,
170,170,200,5900,
171,171,0,6000,
172,172,0,6100,
173,173,0,6200,
174,174,0,6300,
175,175,200,6200,
176,176,200,6100,
177,177,300,5900,
178,178,0,6000,
179,179,0,6100,
180,180,200,6000,
181,181,200,5900,
182,182,200,5800,
183,183,0,5900,
184,184,0,6000,
185,185,0,6100,
186,186,0,6200,
187,187,200,6100,
188,188,0,6200,
189,189,0,6300,
190,190,0,6400,
191,191,0,6500,
192,192,0,6600,
193,193,200,6500,
194,194,200,6400,
195,195,0,6500,
196,196,200,6400,
197,197,200,6300,
198,198,0,6400,
199,199,0,6500,
200,200,200,6400,
201,201,200,6300,
202,202,200,6200,
203,203,0,6300,
204,204,0,6400,
205,205,0,6500,
206,206,0,6600,
207,207,0,6700,
208,208,0,6800,
209,209,300,6600,
210,210,0,6700,
211,211,300,6500,
212,212,300,6300,
213,213,0,6400,
214,214,200,6300,
215,215,200,6200,
216,216,0,6300,
217,217,200,6200,
218,218,200,6100,
219,219,200,6000,
220,220,0,6100,
221,221,200,6000,
222,222,300,5800,
223,223,0,5900,
224,224,200,5800,
225,225,200,5700,
226,226,200,5600,
227,227,0,5700,
228,228,200,5600,
229,229,0,5700,
230,230,0,5800,
231,231,200,5700,
232,232,200,5600,
233,233,0,5700,
234,234,200,5600,
235,235,0,5700,
236,236,200,5600,
237,237,0,5700,
238,238,0,5800,
239,239,200,5700,
240,240,300,5500,
241,241,300,5300,
242,242,0,5400,
243,243,1000,4500,
244,244,300,4300,
245,245,200,4200,
246,246,0,4300,
247,247,0,4400,
248,248,0,4500,
249,249,300,4300,
250,250,0,4400,
251,251,0,4500,
252,252,0,4600,
253,253,0,4700,
254,254,0,4800,
255,255,200,4700,
256,256,0,4800,
257,257,0,4900,
258,258,0,5000,
259,259,0,5100,
260,260,0,5200,
261,261,0,5300,
262,262,0,5400,
263,263,200,5300,
264,264,0,5400,
265,265,200,5300,
266,266,0,5400,
267,267,0,5500,
268,268,200,5400,
269,269,0,5500,
270,270,0,5600,
271,271,0,5700,
272,272,0,5800,
273,273,0,5900,
274,274,200,5800,
275,275,200,5700,
276,276,0,5800,
277,277,0,5900,
278,278,0,6000,
279,279,0,6100,
280,280,300,5900,
281,281,0,6000,
282,282,200,5900,
283,283,300,5700,
284,284,200,5600,
285,285,300,5400,
286,286,0,5500,
287,287,0,5600,
288,288,0,5700,
289,289,200,5600,
290,290,200,5500,
291,291,0,5600,
292,292,0,5700,
293,293,0,5800,
294,294,0,5900,
295,295,0,6000,
296,296,0,6100,
297,297,0,6200,
298,298,0,6300,
299,299,0,6400,
300,300,200,6300,
301,301,0,6400,
302,302,0,6500,
303,303,200,6400,
304,304,2000,4500,
305,305,0,4600,
306,306,0,4700,
307,307,0,4800,
308,308,0,4900,
309,309,0,5000,
310,310,200,4900,
311,311,0,5000,
312,312,0,5100,
313,313,0,5200,
314,314,0,5300,
315,315,0,5400,
316,316,0,5500,
317,317,200,5400,
318,318,0,5500,
319,319,0,5600,
320,320,200,5500,
321,321,200,5400,
322,322,0,5500,
323,323,200,5400,
324,324,500,5000,
325,325,200,4900,
326,326,0,5000,
327,327,200,4900,
328,328,0,5000,
329,329,0,5100,
330,330,0,5200,
331,331,200,5100,
332,332,200,5000,
333,333,200,4900,
334,334,200,4800,
335,335,200,4700,
336,336,0,4800,
337,337,0,4900,
338,338,0,5000,
339,339,200,4900,
340,340,0,5000,
341,341,200,4900,
342,342,0,5000,
343,343,0,5100,
344,344,200,5000,
345,345,0,5100,
346,346,0,5200,
347,347,200,5100,
348,348,0,5200,
349,349,300,5000,
350,350,0,5100,
351,351,0,5200,
352,352,200,5100,
353,353,0,5200,
354,354,0,5300,
355,355,0,5400,
356,356,0,5500,
357,357,0,5600,
358,358,0,5700,
359,359,0,5800,
360,360,0,5900,
361,361,0,6000,
362,362,0,6100,
363,363,0,6200,
364,364,300,6000,
365,365,0,6100,
366,366,0,6200,
367,367,0,6300,
368,368,0,6400,
369,369,0,6500,
370,370,200,6400,
371,371,200,6300,
372,372,0,6400,
373,373,0,6500,
374,374,200,6400,
375,375,0,6500,
376,376,200,6400,
377,377,200,6300,
378,378,0,6400,
379,379,0,6500,
380,380,200,6400,
381,381,0,6500,
382,382,0,6600,
383,383,200,6500,
384,384,0,6600,
385,385,200,6500,
386,386,0,6600,
387,387,300,6400,
388,388,200,6300,
389,389,200,6200,
390,390,0,6300,
391,391,0,6400,
392,392,0,6500,
393,393,0,6600,
394,394,0,6700,
395,395,0,6800,
396,396,200,6700,
397,397,200,6600,
398,398,0,6700,
399,399,200,6600,
400,400,0,6700,
401,401,200,6600,
402,402,0,6700,
403,403,0,6800,
404,404,200,6700,
405,405,0,6800,
406,406,200,6700,
407,407,0,6800,
408,408,0,6900,
409,409,200,6800,
410,410,0,6900,
411,411,0,7000,
412,412,0,7100,
413,413,200,7000,
414,414,0,7100,
415,415,0,7200,
416,416,200,7100,
417,417,0,7200,
418,418,200,7100,
419,419,200,7000,
420,420,200,6900,
421,421,0,7000,
422,422,300,6800,
423,423,0,6900,
424,424,0,7000,
425,425,200,6900,
426,426,200,6800,
427,427,0,6900,
428,428,0,7000,
429,429,300,6800,
430,430,200,6700,
431,431,0,6800,
432,432,0,6900,
433,433,200,6800,
434,434,0,6900,
435,435,0,7000,
436,436,200,6900,
437,437,0,7000,
438,438,0,7100,
439,439,200,7000,
440,440,500,6600,
441,441,1000,5700,
442,442,200,5600,
443,443,0,5700,
444,444,200,5600,
445,445,500,5200,
446,446,0,5300,
447,447,200,5200,
448,448,0,5300,
449,449,0,5400,
450,450,300,5200,
451,451,0,5300,
452,452,0,5400,
453,453,200,5300,
454,454,300,5100,
455,455,0,5200,
456,456,500,4800,
457,457,0,4900,
458,458,0,5000,
459,459,300,4800,
460,460,0,4900,
461,461,300,4700,
462,462,0,4800,
463,463,200,4700,
464,464,0,4800,
465,465,200,4700,
466,466,0,4800,
467,467,200,4700,
468,468,0,4800,
469,469,0,4900,
470,470,0,5000,
471,471,0,5100,
472,472,0,5200,
473,473,0,5300,
474,474,0,5400,
475,475,0,5500,
476,476,0,5600,
477,477,200,5500,
478,478,200,5400,
479,479,0,5500,
480,480,0,5600,
481,481,200,5500,
482,482,0,5600,
483,483,0,5700,
484,484,0,5800,
485,485,0,5900,
486,486,2000,4000,
487,487,0,4100,
488,488,0,4200,
489,489,0,4300,
490,490,0,4400,
491,491,0,4500,
492,492,200,4400,
493,493,0,4500,
494,494,200,4400,
495,495,0,4500,
496,496,0,4600,
497,497,0,4700,
498,498,0,4800,
499,499,0,4900,
500,500,0,5000,
501,501,0,5100,
502,502,0,5200,
503,503,0,5300,
504,504,0,5400,
505,505,300,5200,
506,506,200,5100,
507,507,0,5200,
508,508,0,5300,
509,509,200,5200,
510,510,0,5300,
511,511,0,5400,
512,512,0,5500,
513,513,0,5600,
514,514,0,5700,
515,515,0,5800,
516,516,0,5900,
517,517,0,6000,
518,518,0,6100,
519,519,0,6200,
520,520,200,6100,
521,521,200,6000,
522,522,200,5900,
523,523,0,6000,
524,524,0,6100,
525,525,0,6200,
526,526,0,6300,
527,527,0,6400,
528,528,0,6500,
529,529,0,6600,
530,530,200,6500,
531,531,0,6600,
532,532,0,6700,
533,533,200,6600,
534,534,0,6700,
535,535,300,6500,
536,536,0,6600,
537,537,0,6700,
538,538,0,6800,
539,539,0,6900,
540,540,0,7000,
541,541,200,6900,
542,542,0,7000,
543,543,0,7100,
544,544,0,7200,
545,545,0,7300,
546,546,200,7200,
547,547,0,7300,
548,548,0,7400,
549,549,0,7500,
550,550,200,7400,
551,551,0,7500,
552,552,1000,6600,
553,553,200,6500,
554,554,0,6600,
555,555,0,6700,
556,556,0,6800,
557,557,200,6700,
558,558,0,6800,
559,559,0,6900,
560,560,0,7000,
561,561,0,7100,
562,562,200,7000,
563,563,200,6900,
564,564,0,7000,
565,565,200,6900,
566,566,0,7000,
567,567,0,7100,
568,568,200,7000,
569,569,0,7100,
570,570,200,7000,
571,571,200,6900,
572,572,0,7000,
573,573,0,7100,
574,574,200,7000,
575,575,0,7100,
576,576,0,7200,
577,577,0,7300,
578,578,0,7400,
579,579,0,7500,
580,580,200,7400,
581,581,200,7300,
582,582,0,7400,
583,583,300,7200,
584,584,200,7100,
585,585,0,7200,
586,586,0,7300,
587,587,0,7400,
588,588,0,7500,
589,589,0,7600,
590,590,0,7700,
591,591,200,7600,
592,592,200,7500,
593,593,0,7600,
594,594,0,7700,
595,595,200,7600,
596,596,0,7700,
597,597,0,7800,
598,598,0,7900,
599,599,0,8000,
600,600,0,8100,
601,601,200,8000,
602,602,0,8100,
603,603,0,8200,
604,604,0,8300,
605,605,200,8200,
606,606,0,8300,
607,607,0,8400,
608,608,0,8500,
609,609,300,8300,
610,610,0,8400,
611,611,200,8300,
612,612,0,8400,
613,613,200,8300,
614,614,200,8200,
615,615,0,8300,
616,616,200,8200,
617,617,200,8100,
618,618,0,8200,
619,619,200,8100,
620,620,200,8000,
621,621,200,7900,
622,622,0,8000,
623,623,0,8100,
624,624,0,8200,
625,625,0,8300,
626,626,0,8400,
627,627,200,8300,
628,628,0,8400,
629,629,0,8500,
630,630,0,8600,
631,631,200,8500,
632,632,200,8400,
633,633,0,8500,
634,634,0,8600,
635,635,0,8700,
636,636,200,8600,
637,637,0,8700,
638,638,0,8800,
639,639,200,8700,
640,640,0,8800,
641,641,200,8700,
642,642,1000,7800,
643,643,0,7900,
644,644,0,8000,
645,645,0,8100,
646,646,200,8000,
647,647,0,8100,
648,648,0,8200,
649,649,300,8000,
650,650,0,8100,
651,651,200,8000,
652,652,200,7900,
653,653,0,8000,
654,654,200,7900,
655,655,0,8000,
656,656,0,8100,
657,657,0,8200,
658,658,0,8300,
659,659,200,8200,
660,660,300,8000,
661,661,0,8100,
662,662,200,8000,
663,663,0,8100,
664,664,0,8200,
665,665,0,8300,
666,666,0,8400,
667,667,0,8500,
668,668,0,8600,
669,669,0,8700,
670,670,0,8800,
671,671,0,8900,
672,672,200,8800,
673,673,200,8700,
674,674,200,8600,
675,675,0,8700,
676,676,200,8600,
677,677,0,8700,
678,678,0,8800,
679,679,0,8900,
680,680,0,9000,
681,681,0,9100,
682,682,0,9200,
683,683,300,9000,
684,684,200,8900,
685,685,0,9000,
686,686,0,9100,
687,687,0,9200,
688,688,0,9300,
689,689,500,8900,
690,690,200,8800,
691,691,0,8900,
692,692,0,9000,
693,693,0,9100,
694,694,0,9200,
695,695,300,9000,
696,696,0,9100,
697,697,200,9000,
698,698,300,8800,
699,699,200,8700,
700,700,200,8600,
701,701,0,8700,
702,702,0,8800,
703,703,0,8900,
704,704,200,8800,
705,705,200,8700,
706,706,0,8800,
707,707,0,8900,
708,708,200,8800,
709,709,0,8900,
710,710,300,8700,
711,711,0,8800,
712,712,0,8900,
713,713,500,8500,
714,714,0,8600,
715,715,0,8700,
716,716,300,8500,
717,717,0,8600,
718,718,200,8500,
719,719,0,8600,
720,720,200,8500,
721,721,200,8400,
722,722,0,8500,
723,723,0,8600,
724,724,300,8400,
725,725,0,8500,
726,726,200,8400,
727,727,0,8500,
728,728,0,8600,
729,729,0,8700,
730,730,200,8600,
731,731,0,8700,
732,732,0,8800,
733,733,0,8900,
734,734,0,9000,
735,735,0,9100,
736,736,200,9000,
737,737,0,9100,
738,738,300,8900,
739,739,0,9000,
740,740,0,9100,
741,741,0,9200,
742,742,0,9300,
743,743,0,9400,
744,744,200,9300,
745,745,0,9400,
746,746,0,9500,
747,747,0,9600,
748,748,0,9700,
749,749,200,9600,
750,750,0,9700,
751,751,200,9600,
752,752,500,9200,
753,753,200,9100,
754,754,200,9000,
755,755,200,8900,
756,756,0,9000,
757,757,200,8900,
758,758,200,8800,
759,759,0,8900,
760,760,200,8800,
761,761,0,8900,
762,762,200,8800,
763,763,0,8900,
764,764,200,8800,
765,765,0,8900,
766,766,200,8800,
767,767,0,8900,
768,768,0,9000,
769,769,200,8900,
770,770,0,9000,
771,771,0,9100,
772,772,0,9200,
773,773,200,9100,
774,774,200,9000,
775,775,0,9100,
776,776,200,9000,
777,777,0,9100,
778,778,200,9000,
779,779,0,9100,
780,780,0,9200,
781,781,200,9100,
782,782,200,9000,
783,783,0,9100,
784,784,0,9200,
785,785,200,9100,
786,786,0,9200,
787,787,0,9300,
788,788,0,9400,
789,789,200,9300,
790,790,0,9400,
791,791,0,9500,
792,792,0,9600,
793,793,0,9700,
794,794,200,9600,
795,795,200,9500,
796,796,0,9600,
797,797,200,9500,
798,798,0,9600,
799,799,0,9700,
800,800,0,9800,
801,801,0,9900,
802,802,0,10000,
803,803,200,9900,
804,804,0,10000,
805,805,200,9900,
806,806,0,10000,
807,807,0,10100,
808,808,0,10200,
809,809,200,10100,
810,810,200,10000,
811,811,0,10100,
812,812,0,10200,
813,813,0,10300,
814,814,200,10200,
815,815,200,10100,
816,816,200,10000,
817,817,0,10100,
818,818,0,10200,
819,819,0,10300,
820,820,200,10200,
821,821,0,10300,
822,822,200,10200,
823,823,200,10100,
824,824,0,10200,
825,825,0,10300,
826,826,200,10200,
827,827,200,10100,
828,828,500,9700,
829,829,0,9800,
830,830,200,9700,
831,831,0,9800,
832,832,200,9700,
833,833,0,9800,
834,834,200,9700,
835,835,0,9800,
836,836,0,9900,
837,837,200,9800,
838,838,0,9900,
839,839,200,9800,
840,840,500,9400,
841,841,200,9300,
842,842,0,9400,
843,843,200,9300,
844,844,0,9400,
845,845,0,9500,
846,846,0,9600,
847,847,0,9700,
848,848,200,9600,
849,849,0,9700,
850,850,200,9600,
851,851,0,9700,
852,852,0,9800,
853,853,200,9700,
854,854,0,9800,
855,855,0,9900,
856,856,200,9800,
857,857,200,9700,
858,858,200,9600,
859,859,200,9500,
860,860,0,9600,
861,861,0,9700,
862,862,0,9800,
863,863,0,9900,
864,864,200,9800,
865,865,300,9600,
866,866,200,9500,
867,867,200,9400,
868,868,0,9500,
869,869,0,9600,
870,870,0,9700,
871,871,0,9800,
872,872,0,9900,
873,873,200,9800,
874,874,200,9700,
875,875,200,9600,
876,876,1000,8700,
877,877,0,8800,
878,878,0,8900,
879,879,0,9000,
880,880,0,9100,
881,881,0,9200,
882,882,0,9300,
883,883,0,9400,
884,884,200,9300,
885,885,200,9200,
886,886,0,9300,
887,887,300,9100,
888,888,0,9200,
889,889,0,9300,
890,890,200,9200,
891,891,200,9100,
892,892,200,9000,
893,893,0,9100,
894,894,0,9200,
895,895,200,9100,
896,896,0,9200,
897,897,0,9300,
898,898,0,9400,
899,899,200,9300,
900,900,0,9400,
901,901,200,9300,
902,902,0,9400,
903,903,300,9200,
904,904,0,9300,
905,905,0,9400,
906,906,200,9300,
907,907,0,9400,
908,908,200,9300,
909,909,200,9200,
910,910,0,9300,
911,911,0,9400,
912,912,0,9500,
913,913,200,9400,
914,914,0,9500,
915,915,0,9600,
916,916,200,9500,
917,917,0,9600,
918,918,0,9700,
919,919,0,9800,
920,920,200,9700,
921,921,0,9800,
922,922,0,9900,
923,923,0,10000,
924,924,0,10100,
925,925,0,10200,
926,926,0,10300,
927,927,500,9900,
928,928,0,10000,
929,929,200,9900,
930,930,200,9800,
931,931,0,9900,
932,932,200,9800,
933,933,0,9900,
934,934,200,9800,
935,935,0,9900,
936,936,200,9800,
937,937,200,9700,
938,938,200,9600,
939,939,200,9500,
940,940,0,9600,
941,941,200,9500,
942,942,0,9600,
943,943,200,9500,
944,944,0,9600,
945,945,0,9700,
946,946,0,9800,
947,947,200,9700,
948,948,200,9600,
949,949,200,9500,
950,950,0,9600,
951,951,0,9700,
952,952,0,9800,
953,953,0,9900,
954,954,0,10000,
955,955,200,9900,
956,956,200,9800,
957,957,200,9700,
958,958,200,9600,
959,959,200,9500,
960,960,0,9600,
961,961,0,9700,
962,962,0,9800,
963,963,0,9900,
964,964,0,10000,
965,965,200,9900,
966,966,0,10000,
967,967,200,9900,
968,968,300,9700,
969,969,0,9800,
970,970,0,9900,
971,971,200,9800,
972,972,0,9900,
973,973,0,10000,
974,974,200,9900,
975,975,2000,8000,
976,976,0,8100,
977,977,0,8200,
978,978,0,8300,
979,979,0,8400,
980,980,0,8500,
981,981,0,8600,
982,982,300,8400,
983,983,0,8500,
984,984,1000,7600,
985,985,0,7700,
986,986,0,7800,
987,987,0,7900,
988,988,0,8000,
989,989,0,8100,
990,990,0,8200,
991,991,0,8300,
992,992,0,8400,
993,993,0,8500,
994,994,0,8600,
995,995,200,8500,
996,996,0,8600,
997,997,500,8200,
998,998,0,8300,
999,999,200,8200,
1000,1000,200,8100,
1001,1001,300,7900,
1002,1002,0,8000,
1003,1003,200,7900,
1004,1004,0,8000,
1005,1005,0,8100,
1006,1006,0,8200,
1007,1007,500,7800,
1008,1008,0,7900,
1009,1009,0,8000,
1010,1010,0,8100,
1011,1011,0,8200,
1012,1012,0,8300,
1013,1013,0,8400,
1014,1014,0,8500,
1015,1015,0,8600,
1016,1016,0,8700,
1017,1017,200,8600,
1018,1018,0,8700,
1019,1019,0,8800,
1020,1020,0,8900,
1021,1021,0,9000,
1022,1022,200,8900,
1023,1023,200,8800,
1024,1024,0,8900,
1025,1025,0,9000,
1026,1026,0,9100,
1027,1027,300,8900,
1028,1028,0,9000,
1029,1029,300,8800,
1030,1030,0,8900,
1031,1031,200,8800,
1032,1032,0,8900,
1033,1033,0,9000,
1034,1034,0,9100,
1035,1035,200,9000,
1036,1036,0,9100,
1037,1037,300,8900,
1038,1038,0,9000,
1039,1039,0,9100,
1040,1040,200,9000,
1041,1041,0,9100,
1042,1042,0,9200,
1043,1043,0,9300,
1044,1044,200,9200,
1045,1045,200,9100,
1046,1046,200,9000,
1047,1047,0,9100,
1048,1048,200,9000,
1049,1049,200,8900,
1050,1050,200,8800,
1051,1051,0,8900,
1052,1052,0,9000,
1053,1053,0,9100,
1054,1054,0,9200,
1055,1055,200,9100,
1056,1056,0,9200,
1057,1057,300,9000,
1058,1058,0,9100,
1059,1059,0,9200,
1060,1060,0,9300,
1061,1061,200,9200,
1062,1062,0,9300,
1063,1063,0,9400,
1064,1064,0,9500,
1065,1065,200,9400,
1066,1066,0,9500,
1067,1067,200,9400,
1068,1068,0,9500,
1069,1069,0,9600,
1070,1070,0,9700,
1071,1071,0,9800,
1072,1072,200,9700,
1073,1073,200,9600,
1074,1074,0,9700,
1075,1075,200,9600,
1076,1076,200,9500,
1077,1077,200,9400,
1078,1078,200,9300,
1079,1079,0,9400,
1080,1080,0,9500,
1081,1081,200,9400,
1082,1082,0,9500,
1083,1083,200,9400,
1084,1084,0,9500,
1085,1085,0,9600,
1086,1086,0,9700,
1087,1087,0,9800,
1088,1088,0,9900,
1089,1089,0,10000,
1090,1090,0,10100,
1091,1091,0,10200,
1092,1092,300,10000,
1093,1093,0,10100,
1094,1094,200,10000,
1095,1095,0,10100,
1096,1096,0,10200,
1097,1097,300,10000,
1098,1098,500,9600,
1099,1099,0,9700,
1100,1100,200,9600,
1101,1101,500,9200,
1102,1102,200,9100,
1103,1103,0,9200,
1104,1104,0,9300,
1105,1105,0,9400,
1106,1106,200,9300,
1107,1107,200,9200,
1108,1108,200,9100,
1109,1109,0,9200,
1110,1110,200,9100,
1111,1111,0,9200,
1112,1112,0,9300,
1113,1113,0,9400,
1114,1114,300,9200,
1115,1115,0,9300,
1116,1116,200,9200,
1117,1117,200,9100,
1118,1118,0,9200,
1119,1119,0,9300,
1120,1120,200,9200,
1121,1121,200,9100,
1122,1122,0,9200,
1123,1123,0,9300,
1124,1124,200,9200,
1125,1125,200,9100,
1126,1126,0,9200,
1127,1127,300,9000,
1128,1128,0,9100,
1129,1129,0,9200,
1130,1130,300,9000,
1131,1131,0,9100,
1132,1132,300,8900,
1133,1133,300,8700,
1134,1134,0,8800,
1135,1135,0,8900,
1136,1136,0,9000,
1137,1137,200,8900,
1138,1138,0,9000,
1139,1139,0,9100,
1140,1140,0,9200,
1141,1141,200,9100,
1142,1142,200,9000,
1143,1143,0,9100,
1144,1144,0,9200,
1145,1145,500,8800,
1146,1146,0,8900,
1147,1147,0,9000,
1148,1148,200,8900,
1149,1149,0,9000,
1150,1150,0,9100,
1151,1151,0,9200,
1152,1152,0,9300,
1153,1153,0,9400,
1154,1154,300,9200,
1155,1155,500,8800,
1156,1156,200,8700,
1157,1157,0,8800,
1158,1158,0,8900,
1159,1159,200,8800,
1160,1160,0,8900,
1161,1161,200,8800,
1162,1162,0,8900,
1163,1163,0,9000,
1164,1164,0,9100,
1165,1165,0,9200,
1166,1166,200,9100,
1167,1167,0,9200,
1168,1168,0,9300,
1169,1169,0,9400,
1170,1170,0,9500,
1171,1171,200,9400,
1172,1172,200,9300,
1173,1173,200,9200,
1174,1174,0,9300,
1175,1175,0,9400,
1176,1176,0,9500,
1177,1177,200,9400,
1178,1178,200,9300,
1179,1179,200,9200,
1180,1180,0,9300,
1181,1181,0,9400,
1182,1182,0,9500,
1183,1183,200,9400,
1184,1184,200,9300,
1185,1185,0,9400,
1186,1186,0,9500,
1187,1187,0,9600,
1188,1188,200,9500,
1189,1189,0,9600,
1190,1190,200,9500,
1191,1191,200,9400,
1192,1192,500,9000,
1193,1193,200,8900,
1194,1194,0,9000,
1195,1195,200,8900,
1196,1196,0,9000,
1197,1197,0,9100,
1198,1198,0,9200,
1199,1199,0,9300,
1200,1200,200,9200,
1201,1201,0,9300,
1202,1202,200,9200,
1203,1203,0,9300,
1204,1204,200,9200,
1205,1205,0,9300,
1206,1206,0,9400,
1207,1207,0,9500,
1208,1208,0,9600,
1209,1209,0,9700,
1210,1210,0,9800,
1211,1211,0,9900,
1212,1212,0,10000,
1213,1213,0,10100,
1214,1214,0,10200,
1215,1215,0,10300,
1216,1216,200,10200,
1217,1217,0,10300,
1218,1218,0,10400,
1219,1219,300,10200,
1220,1220,0,10300,
1221,1221,200,10200,
1222,1222,200,10100,
1223,1223,0,10200,
1224,1224,0,10300,
1225,1225,0,10400,
1226,1226,0,10500,
1227,1227,0,10600,
1228,1228,200,10500,
1229,1229,0,10600,
1230,1230,200,10500,
1231,1231,200,10400,
1232,1232,0,10500,
1233,1233,0,10600,
1234,1234,0,10700,
1235,1235,0,10800,
1236,1236,200,10700,
1237,1237,0,10800,
1238,1238,0,10900,
1239,1239,200,10800,
1240,1240,200,10700,
1241,1241,0,10800,
1242,1242,0,10900,
1243,1243,0,11000,
1244,1244,0,11100,
1245,1245,0,11200,
1246,1246,200,11100,
1247,1247,200,11000,
1248,1248,0,11100,
1249,1249,200,11000,
1250,1250,0,11100,
1251,1251,0,11200,
1252,1252,0,11300,
1253,1253,0,11400,
1254,1254,0,11500,
1255,1255,0,11600,
1256,1256,0,11700,
1257,1257,200,11600,
1258,1258,200,11500,
1259,1259,200,11400,
1260,1260,0,11500,
1261,1261,0,11600,
1262,1262,200,11500,
1263,1263,0,11600,
1264,1264,0,11700,
1265,1265,500,11300,
1266,1266,0,11400,
1267,1267,200,11300,
1268,1268,0,11400,
1269,1269,0,11500,
1270,1270,200,11400,
1271,1271,200,11300,
1272,1272,200,11200,
1273,1273,0,11300,
1274,1274,0,11400,
1275,1275,200,11300,
1276,1276,0,11400,
1277,1277,200,11300,
1278,1278,0,11400,
1279,1279,0,11500,
1280,1280,200,11400,
1281,1281,200,11300,
1282,1282,200,11200,
1283,1283,0,11300,
1284,1284,200,11200,
1285,1285,0,11300,
1286,1286,0,11400,
1287,1287,0,11500,
1288,1288,0,11600,
1289,1289,200,11500,
1290,1290,0,11600,
1291,1291,0,11700,
1292,1292,200,11600,
1293,1293,0,11700,
1294,1294,0,11800,
1295,1295,0,11900,
1296,1296,0,12000,
1297,1297,200,11900,
1298,1298,200,11800,
1299,1299,0,11900,
1300,1300,200,11800,
1301,1301,0,11900,
1302,1302,200,11800,
1303,1303,200,11700,
1304,1304,0,11800,
1305,1305,0,11900,
1306,1306,0,12000,
1307,1307,0,12100,
1308,1308,200,12000,
1309,1309,0,12100,
1310,1310,200,12000,
1311,1311,300,11800,
1312,1312,200,11700,
1313,1313,0,11800,
1314,1314,200,11700,
1315,1315,0,11800,
1316,1316,0,11900,
1317,1317,200,11800,
1318,1318,0,11900,
1319,1319,0,12000,
1320,1320,0,12100,
1321,1321,0,12200,
1322,1322,0,12300,
1323,1323,0,12400,
1324,1324,0,12500,
1325,1325,0,12600,
1326,1326,0,12700,
1327,1327,200,12600,
1328,1328,200,12500,
1329,1329,200,12400,
1330,1330,200,12300,
1331,1331,500,11900,
1332,1332,0,12000,
1333,1333,0,12100,
1334,1334,0,12200,
1335,1335,200,12100,
1336,1336,200,12000,
1337,1337,200,11900,
1338,1338,0,12000,
1339,1339,0,12100,
1340,1340,200,12000,
1341,1341,200,11900,
1342,1342,0,12000,
1343,1343,0,12100,
1344,1344,200,12000,
1345,1345,0,12100,
1346,1346,0,12200,
1347,1347,0,12300,
1348,1348,0,12400,
1349,1349,1000,11500,
1350,1350,300,11300,
1351,1351,0,11400,
1352,1352,200,11300,
1353,1353,0,11400,
1354,1354,0,11500,
1355,1355,0,11600,
1356,1356,200,11500,
1357,1357,0,11600,
1358,1358,200,11500,
1359,1359,200,11400,
1360,1360,200,11300,
1361,1361,0,11400,
1362,1362,0,11500,
1363,1363,0,11600,
1364,1364,200,11500,
1365,1365,200,11400,
1366,1366,0,11500,
1367,1367,0,11600,
1368,1368,200,11500,
1369,1369,0,11600,
1370,1370,200,11500,
1371,1371,200,11400,
1372,1372,0,11500,
1373,1373,0,11600,
1374,1374,200,11500,
1375,1375,0,11600,
1376,1376,500,11200,
1377,1377,500,10800,
1378,1378,200,10700,
1379,1379,0,10800,
1380,1380,200,10700,
1381,1381,0,10800,
1382,1382,0,10900,
1383,1383,0,11000,
1384,1384,0,11100,
1385,1385,0,11200,
1386,1386,0,11300,
1387,1387,0,11400,
1388,1388,0,11500,
1389,1389,0,11600,
1390,1390,0,11700,
1391,1391,200,11600,
1392,1392,0,11700,
1393,1393,200,11600,
1394,1394,200,11500,
1395,1395,0,11600,
1396,1396,0,11700,
1397,1397,200,11600,
1398,1398,200,11500,
1399,1399,0,11600,
1400,1400,200,11500,
1401,1401,500,11100,
1402,1402,200,11000,
1403,1403,0,11100,
1404,1404,0,11200,
1405,1405,200,11100,
1406,1406,200,11000,
1407,1407,0,11100,
1408,1408,0,11200,
1409,1409,0,11300,
1410,1410,0,11400,
1411,1411,200,11300,
1412,1412,0,11400,
1413,1413,0,11500,
1414,1414,200,11400,
1415,1415,200,11300,
1416,1416,200,11200,
1417,1417,0,11300,
1418,1418,0,11400,
1419,1419,200,11300,
1420,1420,0,11400,
1421,1421,0,11500,
1422,1422,0,11600,
1423,1423,200,11500,
1424,1424,500,11100,
1425,1425,0,11200,
1426,1426,200,11100,
1427,1427,200,11000,
1428,1428,0,11100,
1429,1429,0,11200,
1430,1430,200,11100,
1431,1431,200,11000,
1432,1432,0,11100,
1433,1433,200,11000,
1434,1434,200,10900,
1435,1435,200,10800,
1436,1436,200,10700,
1437,1437,0,10800,
1438,1438,0,10900,
1439,1439,200,10800,
1440,1440,200,10700,
1441,1441,200,10600,
1442,1442,1000,9700,
1443,1443,200,9600,
1444,1444,0,9700,
1445,1445,200,9600,
1446,1446,300,9400,
1447,1447,0,9500,
1448,1448,0,9600,
1449,1449,200,9500,
1450,1450,0,9600,
1451,1451,0,9700,
1452,1452,500,9300,
1453,1453,500,8900,
1454,1454,0,9000,
1455,1455,0,9100,
1456,1456,0,9200,
1457,1457,200,9100,
1458,1458,200,9000,
1459,1459,200,8900,
1460,1460,200,8800,
1461,1461,200,8700,
1462,1462,0,8800,
1463,1463,0,8900,
1464,1464,0,9000,
1465,1465,0,9100,
1466,1466,200,9000,
1467,1467,1000,8100,
1468,1468,0,8200,
1469,1469,0,8300,
1470,1470,0,8400,
1471,1471,200,8300,
1472,1472,200,8200,
1473,1473,0,8300,
1474,1474,0,8400,
1475,1475,0,8500,
1476,1476,200,8400,
1477,1477,0,8500,
1478,1478,0,8600,
1479,1479,0,8700,
1480,1480,0,8800,
1481,1481,0,8900,
1482,1482,0,9000,
1483,1483,0,9100,
1484,1484,0,9200,
1485,1485,0,9300,
1486,1486,0,9400,
1487,1487,0,9500,
1488,1488,0,9600,
1489,1489,0,9700,
1490,1490,500,9300,
1491,1491,200,9200,
1492,1492,200,9100,
1493,1493,200,9000,
1494,1494,0,9100,
1495,1495,0,9200,
1496,1496,0,9300,
1497,1497,0,9400,
1498,1498,200,9300,
1499,1499,200,9200,
1500,1500,0,9300,
1501,1501,0,9400,
1502,1502,0,9500,
1503,1503,0,9600,
1504,1504,0,9700,
1505,1505,300,9500,
1506,1506,0,9600,
1507,1507,200,9500,
1508,1508,200,9400,
1509,1509,200,9300,
1510,1510,0,9400,
1511,1511,200,9300,
1512,1512,0,9400,
1513,1513,0,9500,
1514,1514,0,9600,
1515,1515,0,9700,
1516,1516,0,9800,
1517,1517,0,9900,
1518,1518,0,10000,
1519,1519,0,10100,
1520,1520,0,10200,
1521,1521,200,10100,
1522,1522,0,10200,
1523,1523,200,10100,
1524,1524,0,10200,
1525,1525,200,10100,
1526,1526,0,10200,
1527,1527,0,10300,
1528,1528,0,10400,
1529,1529,200,10300,
1530,1530,200,10200,
1531,1531,200,10100,
1532,1532,0,10200,
1533,1533,0,10300,
1534,1534,0,10400,
1535,1535,200,10300,
1536,1536,200,10200,
1537,1537,200,10100,
1538,1538,200,10000,
1539,1539,0,10100,
1540,1540,0,10200,
1541,1541,2000,8300,
1542,1542,200,8200,
1543,1543,200,8100,
1544,1544,0,8200,
1545,1545,0,8300,
1546,1546,0,8400,
1547,1547,300,8200,
1548,1548,200,8100,
1549,1549,200,8000,
1550,1550,0,8100,
1551,1551,0,8200,
1552,1552,200,8100,
1553,1553,0,8200,
1554,1554,0,8300,
1555,1555,0,8400,
1556,1556,0,8500,
1557,1557,200,8400,
1558,1558,0,8500,
1559,1559,300,8300,
1560,1560,0,8400,
1561,1561,200,8300,
1562,1562,0,8400,
1563,1563,0,8500,
1564,1564,0,8600,
1565,1565,200,8500,
1566,1566,0,8600,
1567,1567,300,8400,
1568,1568,0,8500,
1569,1569,0,8600,
1570,1570,0,8700,
1571,1571,0,8800,
1572,1572,200,8700,
1573,1573,200,8600,
1574,1574,200,8500,
1575,1575,200,8400,
1576,1576,0,8500,
1577,1577,0,8600,
1578,1578,200,8500,
1579,1579,0,8600,
1580,1580,200,8500,
1581,1581,300,8300,
1582,1582,0,8400,
1583,1583,0,8500,
1584,1584,0,8600,
1585,1585,1000,7700,
1586,1586,0,7800,
1587,1587,0,7900,
1588,1588,300,7700,
1589,1589,200,7600,
1590,1590,0,7700,
1591,1591,200,7600,
1592,1592,200,7500,
1593,1593,0,7600,
1594,1594,0,7700,
1595,1595,0,7800,
1596,1596,0,7900,
1597,1597,0,8000,
1598,1598,200,7900,
1599,1599,0,8000,
1600,1600,0,8100,
1601,1601,0,8200,
1602,1602,200,8100,
1603,1603,300,7900,
1604,1604,0,8000,
1605,1605,200,7900,
1606,1606,0,8000,
1607,1607,0,8100,
1608,1608,200,8000,
1609,1609,0,8100,
1610,1610,0,8200,
1611,1611,0,8300,
1612,1612,0,8400,
1613,1613,0,8500,
1614,1614,0,8600,
1615,1615,0,8700,
1616,1616,0,8800,
1617,1617,0,8900,
1618,1618,0,9000,
1619,1619,0,9100,
1620,1620,0,9200,
1621,1621,0,9300,
1622,1622,500,8900,
1623,1623,0,9000,
1624,1624,500,8600,
1625,1625,200,8500,
1626,1626,200,8400,
1627,1627,0,8500,
1628,1628,200,8400,
1629,1629,200,8300,
1630,1630,200,8200,
1631,1631,0,8300,
1632,1632,0,8400,
1633,1633,200,8300,
1634,1634,300,8100,
1635,1635,0,8200,
1636,1636,0,8300,
1637,1637,0,8400,
1638,1638,0,8500,
1639,1639,0,8600,
1640,1640,0,8700,
1641,1641,0,8800,
1642,1642,0,8900,
1643,1643,0,9000,
1644,1644,200,8900,
1645,1645,200,8800,
1646,1646,0,8900,
1647,1647,500,8500,
1648,1648,0,8600,
1649,1649,0,8700,
1650,1650,500,8300,
1651,1651,200,8200,
1652,1652,0,8300,
1653,1653,0,8400,
1654,1654,200,8300,
1655,1655,200,8200,
1656,1656,200,8100,
1657,1657,300,7900,
1658,1658,0,8000,
1659,1659,0,8100,
1660,1660,0,8200,
1661,1661,0,8300,
1662,1662,200,8200,
1663,1663,0,8300,
1664,1664,0,8400,
1665,1665,0,8500,
1666,1666,0,8600,
1667,1667,0,8700,
1668,1668,0,8800,
1669,1669,0,8900,
1670,1670,200,8800,
1671,1671,200,8700,
1672,1672,0,8800,
1673,1673,0,8900,
1674,1674,0,9000,
1675,1675,0,9100,
1676,1676,0,9200,
1677,1677,0,9300,
1678,1678,200,9200,
1679,1679,200,9100,
1680,1680,200,9000,
1681,1681,0,9100,
1682,1682,0,9200,
1683,1683,200,9100,
1684,1684,0,9200,
1685,1685,200,9100,
1686,1686,300,8900,
1687,1687,500,8500,
1688,1688,200,8400,
1689,1689,0,8500,
1690,1690,200,8400,
1691,1691,200,8300,
1692,1692,0,8400,
1693,1693,0,8500,
1694,1694,0,8600,
1695,1695,2000,6700,
1696,1696,500,6300,
1697,1697,200,6200,
1698,1698,0,6300,
1699,1699,300,6100,
1700,1700,0,6200,
1701,1701,200,6100,
1702,1702,0,6200,
1703,1703,0,6300,
1704,1704,0,6400,
1705,1705,200,6300,
1706,1706,200,6200,
1707,1707,0,6300,
1708,1708,300,6100,
1709,1709,200,6000,
1710,1710,200,5900,
1711,1711,0,6000,
1712,1712,0,6100,
1713,1713,0,6200,
1714,1714,200,6100,
1715,1715,0,6200,
1716,1716,0,6300,
1717,1717,0,6400,
1718,1718,0,6500,
1719,1719,200,6400,
1720,1720,200,6300,
1721,1721,200,6200,
1722,1722,0,6300,
1723,1723,200,6200,
1724,1724,200,6100,
1725,1725,300,5900,
1726,1726,0,6000,
1727,1727,200,5900,
1728,1728,0,6000,
1729,1729,0,6100,
1730,1730,200,6000,
1731,1731,0,6100,
1732,1732,200,6000,
1733,1733,0,6100,
1734,1734,200,6000,
1735,1735,0,6100,
1736,1736,0,6200,
1737,1737,0,6300,
1738,1738,200,6200,
1739,1739,0,6300,
1740,1740,200,6200,
1741,1741,1000,5300,
1742,1742,0,5400,
1743,1743,0,5500,
1744,1744,200,5400,
1745,1745,500,5000,
1746,1746,0,5100,
1747,1747,0,5200,
1748,1748,200,5100,
1749,1749,0,5200,
1750,1750,200,5100,
1751,1751,300,4900,
1752,1752,0,5000,
1753,1753,200,4900,
1754,1754,0,5000,
1755,1755,200,4900,
1756,1756,0,5000,
1757,1757,300,4800,
1758,1758,200,4700,
1759,1759,200,4600,
1760,1760,0,4700,
1761,1761,0,4800,
1762,1762,200,4700,
1763,1763,0,4800,
1764,1764,0,4900,
1765,1765,300,4700,
1766,1766,200,4600,
1767,1767,0,4700,
1768,1768,200,4600,
1769,1769,500,4200,
1770,1770,200,4100,
1771,1771,200,4000,
1772,1772,0,4100,
1773,1773,0,4200,
1774,1774,200,4100,
1775,1775,200,4000,
1776,1776,0,4100,
1777,1777,200,4000,
1778,1778,0,4100,
1779,1779,0,4200,
1780,1780,0,4300,
1781,1781,0,4400,
1782,1782,0,4500,
1783,1783,0,4600,
1784,1784,0,4700,
1785,1785,200,4600,
1786,1786,0,4700,
1787,1787,200,4600,
1788,1788,0,4700,
1789,1789,0,4800,
1790,1790,0,4900,
1791,1791,0,5000,
1792,1792,0,5100,
1793,1793,0,5200,
1794,1794,0,5300,
1795,1795,200,5200,
1796,1796,200,5100,
1797,1797,200,5000,
1798,1798,200,4900,
1799,1799,200,4800,
1800,1800,0,4900,
1801,1801,200,4800,
1802,1802,0,4900,
1803,1803,0,5000,
1804,1804,200,4900,
1805,1805,0,5000,
1806,1806,0,5100,
1807,1807,300,4900,
1808,1808,0,5000,
1809,1809,200,4900,
1810,1810,0,5000,
1811,1811,0,5100,
1812,1812,0,5200,
1813,1813,200,5100,
1814,1814,200,5000,
1815,1815,0,5100,
1816,1816,500,4700,
1817,1817,200,4600,
1818,1818,0,4700,
1819,1819,0,4800,
1820,1820,0,4900,
1821,1821,0,5000,
1822,1822,0,5100,
1823,1823,0,5200,
1824,1824,200,5100,
1825,1825,200,5000,
1826,1826,0,5100,
1827,1827,300,4900,
1828,1828,0,5000,
1829,1829,0,5100,
1830,1830,0,5200,
1831,1831,0,5300,
1832,1832,200,5200,
1833,1833,0,5300,
1834,1834,0,5400,
1835,1835,200,5300,
1836,1836,0,5400,
1837,1837,200,5300,
1838,1838,0,5400,
1839,1839,300,5200,
1840,1840,200,5100,
1841,1841,0,5200,
1842,1842,1000,4300,
1843,1843,0,4400,
1844,1844,0,4500,
1845,1845,0,4600,
1846,1846,0,4700,
1847,1847,300,4500,
1848,1848,300,4300,
1849,1849,0,4400,
1850,1850,0,4500,
1851,1851,200,4400,
1852,1852,200,4300,
1853,1853,0,4400,
1854,1854,0,4500,
1855,1855,0,4600,
1856,1856,300,4400,
1857,1857,0,4500,
1858,1858,0,4600,
1859,1859,200,4500,
1860,1860,200,4400,
1861,1861,0,4500,
1862,1862,200,4400,
1863,1863,0,4500,
1864,1864,200,4400,
1865,1865,0,4500,
1866,1866,0,4600,
1867,1867,0,4700,
1868,1868,0,4800,
1869,1869,200,4700,
1870,1870,0,4800,
1871,1871,500,4400,
1872,1872,0,4500,
1873,1873,0,4600,
1874,1874,200,4500,
1875,1875,200,4400,
1876,1876,0,4500,
1877,1877,200,4400,
1878,1878,200,4300,
1879,1879,0,4400,
1880,1880,200,4300,
1881,1881,200,4200,
1882,1882,0,4300,
1883,1883,200,4200,
1884,1884,0,4300,
1885,1885,0,4400,
1886,1886,200,4300,
1887,1887,0,4400,
1888,1888,0,4500,
1889,1889,0,4600,
1890,1890,200,4500,
1891,1891,0,4600,
1892,1892,0,4700,
1893,1893,0,4800,
1894,1894,0,4900,
1895,1895,0,5000,
1896,1896,0,5100,
1897,1897,0,5200,
1898,1898,300,5000,
1899,1899,0,5100,
1900,1900,0,5200,
1901,1901,200,5100,
1902,1902,500,4700,
1903,1903,0,4800,
1904,1904,200,4700,
1905,1905,0,4800,
1906,1906,300,4600,
1907,1907,0,4700,
1908,1908,0,4800,
1909,1909,200,4700,
1910,1910,0,4800,
1911,1911,200,4700,
1912,1912,0,4800,
1913,1913,0,4900,
1914,1914,200,4800,
1915,1915,200,4700,
1916,1916,0,4800,
1917,1917,0,4900,
1918,1918,0,5000,
1919,1919,200,4900,
1920,1920,200,4800,
1921,1921,500,4400,
1922,1922,0,4500,
1923,1923,200,4400,
1924,1924,300,4200,
1925,1925,300,4000,
1926,1926,0,4100,
1927,1927,0,4200,
1928,1928,200,4100,
1929,1929,0,4200,
1930,1930,200,4100,
1931,1931,0,4200,
1932,1932,0,4300,
1933,1933,0,4400,
1934,1934,0,4500,
1935,1935,0,4600,
1936,1936,300,4400,
1937,1937,0,4500,
1938,1938,200,4400,
1939,1939,200,4300,
1940,1940,200,4200,
1941,1941,200,4100,
1942,1942,0,4200,
1943,1943,0,4300,
1944,1944,200,4200,
1945,1945,0,4300,
1946,1946,0,4400,
1947,1947,200,4300,
1948,1948,0,4400,
1949,1949,0,4500,
1950,1950,200,4400,
1951,1951,0,4500,
1952,1952,0,4600,
1953,1953,0,4700,
1954,1954,0,4800,
1955,1955,0,4900,
1956,1956,0,5000,
1957,1957,0,5100,
1958,1958,200,5000,
1959,1959,200,4900,
1960,1960,0,5000,
1961,1961,200,4900,
1962,1962,200,4800,
1963,1963,0,4900,
1964,1964,300,4700,
1965,1965,200,4600,
1966,1966,200,4500,
1967,1967,200,4400,
1968,1968,200,4300,
1969,1969,0,4400,
1970,1970,0,4500,
1971,1971,200,4400,
1972,1972,200,4300,
1973,1973,0,4400,
1974,1974,0,4500,
1975,1975,0,4600,
1976,1976,200,4500,
1977,1977,0,4600,
1978,1978,0,4700,
1979,1979,300,4500,
1980,1980,0,4600,
1981,1981,0,4700,
1982,1982,0,4800,
1983,1983,0,4900,
1984,1984,0,5000,
1985,1985,0,5100,
1986,1986,300,4900,
1987,1987,0,5000,
1988,1988,0,5100,
1989,1989,0,5200,
1990,1990,0,5300,
1991,1991,200,5200,
1992,1992,200,5100,
1993,1993,200,5000,
1994,1994,200,4900,
1995,1995,200,4800,
1996,1996,200,4700,
1997,1997,200,4600,
1998,1998,200,4500,
1999,1999,0,4600,
2000,2000,0,4700,
2001,2001,200,4600,
2002,2002,200,4500,
2003,2003,0,4600,
2004,2004,0,4700,
2005,2005,0,4800,
2006,2006,200,4700,
2007,2007,200,4600,
2008,2008,0,4700,
2009,2009,0,4800,
2010,2010,0,4900,
2011,2011,0,5000,
2012,2012,0,5100,
2013,2013,0,5200,
2014,2014,0,5300,
2015,2015,0,5400,
2016,2016,0,5500,
2017,2017,0,5600,
2018,2018,0,5700,
2019,2019,500,5300,
2020,2020,300,5100,
2021,2021,0,5200,
2022,2022,0,5300,
2023,2023,200,5200,
2024,2024,0,5300,
2025,2025,0,5400,
2026,2026,0,5500,
2027,2027,0,5600,
2028,2028,0,5700,
2029,2029,0,5800,
2030,2030,200,5700,
2031,2031,200,5600,
2032,2032,200,5500,
2033,2033,0,5600,
2034,2034,0,5700,
2035,2035,0,5800,
2036,2036,0,5900,
2037,2037,200,5800,
2038,2038,200,5700,
2039,2039,0,5800,
2040,2040,200,5700,
2041,2041,200,5600,
2042,2042,0,5700,
2043,2043,300,5500,
2044,2044,0,5600,
2045,2045,200,5500,
2046,2046,0,5600,
2047,2047,0,5700,
2048,2048,0,5800,
2049,2049,200,5700,
2050,2050,0,5800,
2051,2051,200,5700,
2052,2052,300,5500,
2053,2053,200,5400,
2054,2054,200,5300,
2055,2055,200,5200,
2056,2056,200,5100,
2057,2057,500,4700,
2058,2058,200,4600,
2059,2059,200,4500,
2060,2060,300,4300,
2061,2061,0,4400,
2062,2062,0,4500,
2063,2063,0,4600,
2064,2064,200,4500,
2065,2065,0,4600,
2066,2066,0,4700,
2067,2067,0,4800,
2068,2068,0,4900,
2069,2069,500,4500,
2070,2070,0,4600,
2071,2071,0,4700,
2072,2072,0,4800,
2073,2073,300,4600,
2074,2074,300,4400,
2075,2075,200,4300,
2076,2076,0,4400,
2077,2077,200,4300,
2078,2078,0,4400,
2079,2079,300,4200,
2080,2080,300,4000,
2081,2081,0,4100,
2082,2082,200,4000,
2083,2083,0,4100,
2084,2084,200,4000,
2085,2085,0,4100,
2086,2086,0,4200,
2087,2087,200,4100,
2088,2088,0,4200,
2089,2089,0,4300,
2090,2090,0,4400,
2091,2091,200,4300,
2092,2092,300,4100,
2093,2093,0,4200,
2094,2094,0,4300,
2095,2095,300,4100,
2096,2096,0,4200,
2097,2097,200,4100,
2098,2098,0,4200,
2099,2099,0,4300,
2100,2100,0,4400,
2101,2101,200,4300,
2102,2102,0,4400,
2103,2103,0,4500,
2104,2104,0,4600,
2105,2105,0,4700,
2106,2106,0,4800,
2107,2107,200,4700,
2108,2108,0,4800,
2109,2109,200,4700,
2110,2110,0,4800,
2111,2111,0,4900,
2112,2112,200,4800,
2113,2113,0,4900,
2114,2114,0,5000,
2115,2115,0,5100,
2116,2116,200,5000,
2117,2117,500,4600,
2118,2118,0,4700,
2119,2119,0,4800,
2120,2120,200,4700,
2121,2121,0,4800,
2122,2122,200,4700,
2123,2123,200,4600,
2124,2124,300,4400,
2125,2125,0,4500,
2126,2126,0,4600,
2127,2127,0,4700,
2128,2128,0,4800,
2129,2129,300,4600,
2130,2130,0,4700,
2131,2131,0,4800,
2132,2132,200,4700,
2133,2133,0,4800,
2134,2134,0,4900,
2135,2135,200,4800,
2136,2136,0,4900,
2137,2137,0,5000,
2138,2138,0,5100,
2139,2139,0,5200,
2140,2140,0,5300,
2141,2141,0,5400,
2142,2142,0,5500,
2143,2143,0,5600,
2144,2144,200,5500,
2145,2145,0,5600,
2146,2146,0,5700,
2147,2147,0,5800,
2148,2148,0,5900,
2149,2149,0,6000,
2150,2150,0,6100,
2151,2151,0,6200,
2152,2152,0,6300,
2153,2153,0,6400,
2154,2154,200,6300,
2155,2155,200,6200,
2156,2156,0,6300,
2157,2157,200,6200,
2158,2158,0,6300,
2159,2159,0,6400,
2160,2160,0,6500,
2161,2161,300,6300,
2162,2162,0,6400,
2163,2163,200,6300,
2164,2164,200,6200,
2165,2165,0,6300,
2166,2166,200,6200,
2167,2167,0,6300,
2168,2168,200,6200,
2169,2169,0,6300,
2170,2170,0,6400,
2171,2171,200,6300,
2172,2172,0,6400,
2173,2173,200,6300,
2174,2174,200,6200,
2175,2175,0,6300,
2176,2176,200,6200,
2177,2177,0,6300,
2178,2178,200,6200,
2179,2179,0,6300,
2180,2180,0,6400,
2181,2181,0,6500,
2182,2182,200,6400,
2183,2183,0,6500,
2184,2184,0,6600,
2185,2185,200,6500,
2186,2186,200,6400,
2187,2187,0,6500,
2188,2188,0,6600,
2189,2189,0,6700,
2190,2190,200,6600,
2191,2191,0,6700,
2192,2192,200,6600,
2193,2193,0,6700,
2194,2194,0,6800,
2195,2195,0,6900,
2196,2196,200,6800,
2197,2197,0,6900,
2198,2198,0,7000,
2199,2199,0,7100,
2200,2200,0,7200,
2201,2201,200,7100,
2202,2202,200,7000,
2203,2203,0,7100,
2204,2204,0,7200,
2205,2205,200,7100,
2206,2206,0,7200,
2207,2207,0,7300,
2208,2208,0,7400,
2209,2209,200,7300,
2210,2210,200,7200,
2211,2211,200,7100,
2212,2212,200,7000,
2213,2213,200,6900,
2214,2214,200,6800,
2215,2215,200,6700,
2216,2216,0,6800,
2217,2217,0,6900,
2218,2218,0,7000,
2219,2219,500,6600,
2220,2220,0,6700,
2221,2221,200,6600,
2222,2222,0,6700,
2223,2223,200,6600,
2224,2224,0,6700,
2225,2225,200,6600,
2226,2226,0,6700,
2227,2227,0,6800,
2228,2228,0,6900,
2229,2229,200,6800,
2230,2230,0,6900,
2231,2231,0,7000,
2232,2232,0,7100,
2233,2233,200,7000,
2234,2234,0,7100,
2235,2235,200,7000,
2236,2236,0,7100,
2237,2237,200,7000,
2238,2238,200,6900,
2239,2239,0,7000,
2240,2240,0,7100,
2241,2241,200,7000,
2242,2242,200,6900,
2243,2243,200,6800,
2244,2244,200,6700,
2245,2245,0,6800,
2246,2246,200,6700,
2247,2247,0,6800,
2248,2248,200,6700,
2249,2249,0,6800,
2250,2250,200,6700,
2251,2251,200,6600,
2252,2252,0,6700,
2253,2253,0,6800,
2254,2254,200,6700,
2255,2255,0,6800,
2256,2256,200,6700,
2257,2257,0,6800,
2258,2258,200,6700,
2259,2259,0,6800,
2260,2260,0,6900,
2261,2261,200,6800,
2262,2262,500,6400,
2263,2263,200,6300,
2264,2264,0,6400,
2265,2265,0,6500,
2266,2266,300,6300,
2267,2267,0,6400,
2268,2268,0,6500,
2269,2269,0,6600,
2270,2270,0,6700,
2271,2271,0,6800,
2272,2272,0,6900,
2273,2273,300,6700,
2274,2274,200,6600,
2275,2275,200,6500,
2276,2276,0,6600,
2277,2277,0,6700,
2278,2278,0,6800,
2279,2279,0,6900,
2280,2280,200,6800,
2281,2281,0,6900,
2282,2282,0,7000,
2283,2283,0,7100,
2284,2284,200,7000,
2285,2285,0,7100,
2286,2286,0,7200,
2287,2287,0,7300,
2288,2288,200,7200,
2289,2289,0,7300,
2290,2290,200,7200,
2291,2291,0,7300,
2292,2292,0,7400,
2293,2293,0,7500,
2294,2294,0,7600,
2295,2295,200,7500,
2296,2296,0,7600,
2297,2297,200,7500,
2298,2298,200,7400,
2299,2299,0,7500,
2300,2300,0,7600,
2301,2301,300,7400,
2302,2302,200,7300,
2303,2303,200,7200,
2304,2304,0,7300,
2305,2305,200,7200,
2306,2306,0,7300,
2307,2307,300,7100,
2308,2308,200,7000,
2309,2309,0,7100,
2310,2310,0,7200,
2311,2311,500,6800,
2312,2312,200,6700,
2313,2313,200,6600,
2314,2314,0,6700,
2315,2315,0,6800,
2316,2316,0,6900,
2317,2317,300,6700,
2318,2318,0,6800,
2319,2319,200,6700,
2320,2320,0,6800,
2321,2321,0,6900,
2322,2322,200,6800,
2323,2323,200,6700,
2324,2324,200,6600,
2325,2325,0,6700,
2326,2326,0,6800,
2327,2327,0,6900,
2328,2328,200,6800,
2329,2329,0,6900,
2330,2330,0,7000,
2331,2331,0,7100,
2332,2332,200,7000,
2333,2333,0,7100,
2334,2334,0,7200,
2335,2335,0,7300,
2336,2336,0,7400,
2337,2337,200,7300,
2338,2338,0,7400,
2339,2339,300,7200,
2340,2340,0,7300,
2341,2341,0,7400,
2342,2342,0,7500,
2343,2343,0,7600,
2344,2344,200,7500,
2345,2345,300,7300,
2346,2346,200,7200,
2347,2347,0,7300,
2348,2348,0,7400,
2349,2349,0,7500,
2350,2350,200,7400,
2351,2351,0,7500,
2352,2352,300,7300,
2353,2353,0,7400,
2354,2354,500,7000,
2355,2355,200,6900,
2356,2356,300,6700,
2357,2357,200,6600,
2358,2358,0,6700,
2359,2359,0,6800,
2360,2360,0,6900,
2361,2361,200,6800,
2362,2362,200,6700,
2363,2363,0,6800,
2364,2364,0,6900,
2365,2365,0,7000,
2366,2366,0,7100,
2367,2367,0,7200,
2368,2368,0,7300,
2369,2369,0,7400,
2370,2370,200,7300,
2371,2371,0,7400,
2372,2372,0,7500,
2373,2373,200,7400,
2374,2374,200,7300,
2375,2375,0,7400,
2376,2376,0,7500,
2377,2377,0,7600,
2378,2378,200,7500,
2379,2379,0,7600,
2380,2380,0,7700,
2381,2381,200,7600,
2382,2382,200,7500,
2383,2383,0,7600,
2384,2384,0,7700,
2385,2385,200,7600,
2386,2386,0,7700,
2387,2387,200,7600,
2388,2388,500,7200,
2389,2389,200,7100,
2390,2390,0,7200,
2391,2391,0,7300,
2392,2392,0,7400,
2393,2393,200,7300,
2394,2394,0,7400,
2395,2395,200,7300,
2396,2396,0,7400,
2397,2397,0,7500,
2398,2398,200,7400,
2399,2399,200,7300,
2400,2400,0,7400,
2401,2401,0,7500,
2402,2402,200,7400,
2403,2403,0,7500,
2404,2404,200,7400,
2405,2405,0,7500,
2406,2406,0,7600,
2407,2407,0,7700,
2408,2408,0,7800,
2409,2409,0,7900,
2410,2410,0,8000,
2411,2411,200,7900,
2412,2412,0,8000,
2413,2413,0,8100,
2414,2414,0,8200,
2415,2415,200,8100,
2416,2416,0,8200,
2417,2417,200,8100,
2418,2418,200,8000,
2419,2419,0,8100,
2420,2420,0,8200,
2421,2421,0,8300,
2422,2422,200,8200,
2423,2423,1000,7300,
2424,2424,200,7200,
2425,2425,0,7300,
2426,2426,200,7200,
2427,2427,0,7300,
2428,2428,0,7400,
2429,2429,200,7300,
2430,2430,0,7400,
2431,2431,200,7300,
2432,2432,0,7400,
2433,2433,0,7500,
2434,2434,200,7400,
2435,2435,0,7500,
2436,2436,0,7600,
2437,2437,0,7700,
2438,2438,0,7800,
2439,2439,200,7700,
2440,2440,0,7800,
2441,2441,0,7900,
2442,2442,200,7800,
2443,2443,0,7900,
2444,2444,0,8000,
2445,2445,200,7900,
2446,2446,0,8000,
2447,2447,0,8100,
2448,2448,0,8200,
2449,2449,0,8300,
2450,2450,0,8400,
2451,2451,200,8300,
2452,2452,0,8400,
2453,2453,200,8300,
2454,2454,0,8400,
2455,2455,0,8500,
2456,2456,0,8600,
2457,2457,0,8700,
2458,2458,0,8800,
2459,2459,0,8900,
2460,2460,200,8800,
2461,2461,0,8900,
2462,2462,200,8800,
2463,2463,0,8900,
2464,2464,0,9000,
2465,2465,200,8900,
2466,2466,200,8800,
2467,2467,0,8900,
2468,2468,0,9000,
2469,2469,0,9100,
2470,2470,200,9000,
2471,2471,0,9100,
2472,2472,0,9200,
2473,2473,200,9100,
2474,2474,0,9200,
2475,2475,200,9100,
2476,2476,0,9200,
2477,2477,0,9300,
2478,2478,0,9400,
2479,2479,0,9500,
2480,2480,0,9600,
2481,2481,0,9700,
2482,2482,0,9800,
2483,2483,0,9900,
2484,2484,200,9800,
2485,2485,200,9700,
2486,2486,0,9800,
2487,2487,0,9900,
2488,2488,200,9800,
2489,2489,200,9700,
2490,2490,0,9800,
2491,2491,0,9900,
2492,2492,0,10000,
2493,2493,200,9900,
2494,2494,0,10000,
2495,2495,0,10100,
2496,2496,0,10200,
2497,2497,0,10300,
2498,2498,200,10200,
2499,2499,200,10100,
2500,2500,0,10200,
2501,2501,0,10300,
2502,2502,0,10400,
2503,2503,0,10500,
2504,2504,0,10600,
2505,2505,0,10700,
2506,2506,0,10800,
2507,2507,0,10900,
2508,2508,0,11000,
2509,2509,200,10900,
2510,2510,0,11000,
2511,2511,0,11100,
2512,2512,0,11200,
2513,2513,0,11300,
2514,2514,200,11200,
2515,2515,200,11100,
2516,2516,0,11200,
2517,2517,0,11300,
2518,2518,2000,9400,
2519,2519,0,9500,
2520,2520,0,9600,
2521,2521,0,9700,
2522,2522,0,9800,
2523,2523,200,9700,
2524,2524,200,9600,
2525,2525,200,9500,
2526,2526,0,9600,
2527,2527,0,9700,
2528,2528,200,9600,
2529,2529,0,9700,
2530,2530,200,9600,
2531,2531,2000,7700,
2532,2532,0,7800,
2533,2533,200,7700,
2534,2534,0,7800,
2535,2535,200,7700,
2536,2536,200,7600,
2537,2537,200,7500,
2538,2538,200,7400,
2539,2539,200,7300,
2540,2540,200,7200,
2541,2541,200,7100,
2542,2542,0,7200,
2543,2543,0,7300,
2544,2544,0,7400,
2545,2545,0,7500,
2546,2546,200,7400,
2547,2547,300,7200,
2548,2548,0,7300,
2549,2549,200,7200,
2550,2550,200,7100,
2551,2551,200,7000,
2552,2552,200,6900,
2553,2553,0,7000,
2554,2554,200,6900,
2555,2555,200,6800,
2556,2556,200,6700,
2557,2557,0,6800,
2558,2558,500,6400,
2559,2559,200,6300,
2560,2560,0,6400,
2561,2561,0,6500,
2562,2562,0,6600,
2563,2563,0,6700,
2564,2564,0,6800,
2565,2565,0,6900,
2566,2566,0,7000,
2567,2567,0,7100,
2568,2568,0,7200,
2569,2569,200,7100,
2570,2570,0,7200,
2571,2571,0,7300,
2572,2572,0,7400,
2573,2573,0,7500,
2574,2574,200,7400,
2575,2575,0,7500,
2576,2576,300,7300,
2577,2577,0,7400,
2578,2578,200,7300,
2579,2579,0,7400,
2580,2580,0,7500,
2581,2581,0,7600,
2582,2582,0,7700,
2583,2583,0,7800,
2584,2584,0,7900,
2585,2585,200,7800,
2586,2586,0,7900,
2587,2587,0,8000,
2588,2588,0,8100,
2589,2589,200,8000,
2590,2590,0,8100,
2591,2591,200,8000,
2592,2592,200,7900,
2593,2593,0,8000,
2594,2594,0,8100,
2595,2595,500,7700,
2596,2596,0,7800,
2597,2597,0,7900,
2598,2598,0,8000,
2599,2599,0,8100,
2600,2600,0,8200,
2601,2601,0,8300,
2602,2602,0,8400,
2603,2603,200,8300,
2604,2604,0,8400,
2605,2605,0,8500,
2606,2606,0,8600,
2607,2607,200,8500,
2608,2608,0,8600,
2609,2609,200,8500,
2610,2610,0,8600,
2611,2611,200,8500,
2612,2612,0,8600,
2613,2613,200,8500,
2614,2614,0,8600,
2615,2615,0,8700,
2616,2616,0,8800,
2617,2617,200,8700,
2618,2618,0,8800,
2619,2619,0,8900,
2620,2620,0,9000,
2621,2621,0,9100,
2622,2622,200,9000,
2623,2623,200,8900,
2624,2624,200,8800,
2625,2625,200,8700,
2626,2626,0,8800,
2627,2627,0,8900,
2628,2628,0,9000,
2629,2629,200,8900,
2630,2630,0,9000,
2631,2631,200,8900,
2632,2632,200,8800,
2633,2633,200,8700,
2634,2634,200,8600,
2635,2635,200,8500,
2636,2636,200,8400,
2637,2637,0,8500,
2638,2638,200,8400,
2639,2639,0,8500,
2640,2640,200,8400,
2641,2641,300,8200,
2642,2642,0,8300,
2643,2643,0,8400,
2644,2644,200,8300,
2645,2645,0,8400,
2646,2646,0,8500,
2647,2647,0,8600,
2648,2648,300,8400,
2649,2649,0,8500,
2650,2650,200,8400,
2651,2651,0,8500,
2652,2652,0,8600,
2653,2653,200,8500,
2654,2654,200,8400,
2655,2655,300,8200,
2656,2656,0,8300,
2657,2657,200,8200,
2658,2658,200,8100,
2659,2659,300,7900,
2660,2660,0,8000,
2661,2661,200,7900,
2662,2662,0,8000,
2663,2663,200,7900,
2664,2664,200,7800,
2665,2665,200,7700,
2666,2666,1000,6800,
2667,2667,0,6900,
2668,2668,0,7000,
2669,2669,200,6900,
2670,2670,200,6800,
2671,2671,0,6900,
2672,2672,200,6800,
2673,2673,200,6700,
2674,2674,200,6600,
2675,2675,0,6700,
2676,2676,0,6800,
2677,2677,200,6700,
2678,2678,0,6800,
2679,2679,0,6900,
2680,2680,0,7000,
2681,2681,0,7100,
2682,2682,0,7200,
2683,2683,0,7300,
2684,2684,0,7400,
2685,2685,200,7300,
2686,2686,200,7200,
2687,2687,500,6800,
2688,2688,500,6400,
2689,2689,200,6300,
2690,2690,200,6200,
2691,2691,0,6300,
2692,2692,0,6400,
2693,2693,0,6500,
2694,2694,200,6400,
2695,2695,0,6500,
2696,2696,0,6600,
2697,2697,200,6500,
2698,2698,200,6400,
2699,2699,200,6300,
2700,2700,0,6400,
2701,2701,500,6000,
2702,2702,200,5900,
2703,2703,0,6000,
2704,2704,200,5900,
2705,2705,0,6000,
2706,2706,200,5900,
2707,2707,0,6000,
2708,2708,200,5900,
2709,2709,0,6000,
2710,2710,200,5900,
2711,2711,200,5800,
2712,2712,200,5700,
2713,2713,200,5600,
2714,2714,0,5700,
2715,2715,0,5800,
2716,2716,0,5900,
2717,2717,0,6000,
2718,2718,0,6100,
2719,2719,0,6200,
2720,2720,0,6300,
2721,2721,200,6200,
2722,2722,0,6300,
2723,2723,0,6400,
2724,2724,0,6500,
2725,2725,200,6400,
2726,2726,0,6500,
2727,2727,0,6600,
2728,2728,0,6700,
2729,2729,0,6800,
2730,2730,500,6400,
2731,2731,0,6500,
2732,2732,200,6400,
2733,2733,0,6500,
2734,2734,200,6400,
2735,2735,200,6300,
2736,2736,0,6400,
2737,2737,0,6500,
2738,2738,0,6600,
2739,2739,200,6500,
2740,2740,0,6600,
2741,2741,500,6200,
2742,2742,300,6000,
2743,2743,0,6100,
2744,2744,0,6200,
2745,2745,0,6300,
2746,2746,0,6400,
2747,2747,0,6500,
2748,2748,200,6400,
2749,2749,200,6300,
2750,2750,200,6200,
2751,2751,0,6300,
2752,2752,0,6400,
2753,2753,0,6500,
2754,2754,200,6400,
2755,2755,0,6500,
2756,2756,300,6300,
2757,2757,0,6400,
2758,2758,200,6300,
2759,2759,200,6200,
2760,2760,200,6100,
2761,2761,0,6200,
2762,2762,200,6100,
2763,2763,200,6000,
2764,2764,200,5900,
2765,2765,0,6000,
2766,2766,200,5900,
2767,2767,0,6000,
2768,2768,200,5900,
2769,2769,0,6000,
2770,2770,0,6100,
2771,2771,0,6200,
2772,2772,200,6100,
2773,2773,0,6200,
2774,2774,200,6100,
2775,2775,0,6200,
2776,2776,0,6300,
2777,2777,0,6400,
2778,2778,0,6500,
2779,2779,0,6600,
2780,2780,200,6500,
2781,2781,200,6400,
2782,2782,200,6300,
2783,2783,0,6400,
2784,2784,0,6500,
2785,2785,0,6600,
2786,2786,0,6700,
2787,2787,0,6800,
2788,2788,200,6700,
2789,2789,0,6800,
2790,2790,200,6700,
2791,2791,200,6600,
2792,2792,0,6700,
2793,2793,0,6800,
2794,2794,200,6700,
2795,2795,0,6800,
2796,2796,200,6700,
2797,2797,0,6800,
2798,2798,0,6900,
2799,2799,0,7000,
2800,2800,0,7100,
2801,2801,0,7200,
2802,2802,0,7300,
2803,2803,0,7400,
2804,2804,0,7500,
2805,2805,200,7400,
2806,2806,0,7500,
2807,2807,300,7300,
2808,2808,0,7400,
2809,2809,0,7500,
2810,2810,0,7600,
2811,2811,0,7700,
2812,2812,0,7800,
2813,2813,0,7900,
2814,2814,200,7800,
2815,2815,0,7900,
2816,2816,0,8000,
2817,2817,200,7900,
2818,2818,0,8000,
2819,2819,0,8100,
2820,2820,200,8000,
2821,2821,0,8100,
2822,2822,200,8000,
2823,2823,200,7900,
2824,2824,200,7800,
2825,2825,0,7900,
2826,2826,200,7800,
2827,2827,200,7700,
2828,2828,0,7800,
2829,2829,0,7900,
2830,2830,500,7500,
2831,2831,0,7600,
2832,2832,0,7700,
2833,2833,0,7800,
2834,2834,500,7400,
2835,2835,0,7500,
2836,2836,0,7600,
2837,2837,200,7500,
2838,2838,0,7600,
2839,2839,200,7500,
2840,2840,0,7600,
2841,2841,200,7500,
2842,2842,0,7600,
2843,2843,0,7700,
2844,2844,200,7600,
2845,2845,0,7700,
2846,2846,200,7600,
2847,2847,0,7700,
2848,2848,0,7800,
2849,2849,0,7900,
2850,2850,0,8000,
2851,2851,0,8100,
2852,2852,0,8200,
2853,2853,200,8100,
2854,2854,0,8200,
2855,2855,200,8100,
2856,2856,200,8000,
2857,2857,200,7900,
2858,2858,200,7800,
2859,2859,0,7900,
2860,2860,0,8000,
2861,2861,200,7900,
2862,2862,0,8000,
2863,2863,200,7900,
2864,2864,0,8000,
2865,2865,200,7900,
2866,2866,200,7800,
2867,2867,0,7900,
2868,2868,0,8000,
2869,2869,200,7900,
2870,2870,0,8000,
2871,2871,0,8100,
2872,2872,200,8000,
2873,2873,300,7800,
2874,2874,0,7900,
2875,2875,0,8000,
2876,2876,200,7900,
2877,2877,0,8000,
2878,2878,200,7900,
2879,2879,200,7800,
2880,2880,200,7700,
2881,2881,200,7600,
2882,2882,0,7700,
2883,2883,0,7800,
2884,2884,0,7900,
2885,2885,0,8000,
2886,2886,200,7900,
2887,2887,0,8000,
2888,2888,0,8100,
2889,2889,0,8200,
2890,2890,200,8100,
2891,2891,0,8200,
2892,2892,0,8300,
2893,2893,0,8400,
2894,2894,0,8500,
2895,2895,0,8600,
2896,2896,200,8500,
2897,2897,0,8600,
2898,2898,200,8500,
2899,2899,0,8600,
2900,2900,0,8700,
2901,2901,200,8600,
2902,2902,0,8700,
2903,2903,200,8600,
2904,2904,0,8700,
2905,2905,0,8800,
2906,2906,200,8700,
2907,2907,0,8800,
2908,2908,200,8700,
2909,2909,0,8800,
2910,2910,0,8900,
2911,2911,0,9000,
2912,2912,200,8900,
2913,2913,200,8800,
2914,2914,0,8900,
2915,2915,200,8800,
2916,2916,200,8700,
2917,2917,0,8800,
2918,2918,200,8700,
2919,2919,0,8800,
2920,2920,0,8900,
2921,2921,0,9000,
2922,2922,0,9100,
2923,2923,300,8900,
2924,2924,200,8800,
2925,2925,0,8900,
2926,2926,200,8800,
2927,2927,0,8900,
2928,2928,200,8800,
2929,2929,0,8900,
2930,2930,0,9000,
2931,2931,200,8900,
2932,2932,2000,7000,
2933,2933,200,6900,
2934,2934,0,7000,
2935,2935,0,7100,
2936,2936,0,7200,
2937,2937,0,7300,
2938,2938,300,7100,
2939,2939,0,7200,
2940,2940,0,7300,
2941,2941,0,7400,
2942,2942,200,7300,
2943,2943,0,7400,
2944,2944,0,7500,
2945,2945,0,7600,
2946,2946,0,7700,
2947,2947,200,7600,
2948,2948,0,7700,
2949,2949,0,7800,
2950,2950,200,7700,
2951,2951,500,7300,
2952,2952,500,6900,
2953,2953,200,6800,
2954,2954,0,6900,
2955,2955,0,7000,
2956,2956,0,7100,
2957,2957,0,7200,
2958,2958,200,7100,
2959,2959,200,7000,
2960,2960,0,7100,
2961,2961,0,7200,
2962,2962,0,7300,
2963,2963,200,7200,
2964,2964,200,7100,
2965,2965,0,7200,
2966,2966,200,7100,
2967,2967,200,7000,
2968,2968,200,6900,
2969,2969,0,7000,
2970,2970,200,6900,
2971,2971,0,7000,
2972,2972,200,6900,
2973,2973,0,7000,
2974,2974,0,7100,
2975,2975,0,7200,
2976,2976,0,7300,
2977,2977,300,7100,
2978,2978,0,7200,
2979,2979,200,7100,
2980,2980,0,7200,
2981,2981,0,7300,
2982,2982,200,7200,
2983,2983,0,7300,
2984,2984,0,7400,
2985,2985,0,7500,
2986,2986,0,7600,
2987,2987,0,7700,
2988,2988,0,7800,
2989,2989,0,7900,
2990,2990,200,7800,
2991,2991,0,7900,
2992,2992,200,7800,
2993,2993,0,7900,
2994,2994,0,8000,
2995,2995,200,7900,
2996,2996,0,8000,
2997,2997,0,8100,
2998,2998,0,8200,
2999,2999,0,8300,
